firstname,lastname,email,phone,address,city,country
Karen,Smith,traci49@hotmail.com,808-469-3979,556 Casey Courts Apt. 434,Sheamouth,Italy
Joseph,Carter,rogersnathan@hotmail.com,6084608530,394 Miller Park,Farmerborough,Micronesia
Amy,Williams,williamsjohn@yahoo.com,(714)722-5192x2509,522 Coffey Route Apt. 483,Sallyport,Trinidad and Tobago
Terri,Lin,ralph36@yahoo.com,(435)947-9227x0813,23942 Wendy Ridge,Richardshire,Haiti
Austin,Peters,jenningstodd@gmail.com,+1-401-968-9654x91554,773 Wilson Junction Apt. 361,West Juanport,Nicaragua
Michelle,Hammond,mwright@hotmail.com,(757)358-2030,0730 Samantha Falls Suite 988,Garrisonborough,Lithuania
Tiffany,Martinez,georgefleming@gmail.com,+1-747-463-4103,4062 Gonzales Ports Apt. 349,Wheelerview,Belarus
Shane,Green,lreynolds@hotmail.com,001-494-823-4743x19783,65611 Wendy Streets,Port Jasonview,Saint Kitts and Nevis
Karen,Gregory,james38@gmail.com,(528)504-0585x928,71114 Jessica Brook Apt. 672,Carterland,Sao Tome and Principe
Jennifer,Dorsey,krandolph@gmail.com,407-887-8767x975,97831 Maxwell Parkway Suite 001,Edwardland,Iran
Christina,Smith,ryanlam@yahoo.com,915.213.8406x1479,386 Nelson Mills,Amandabury,Ghana
Kimberly,Torres,franklinjoe@gmail.com,+1-885-365-0859,2088 Shawn Summit Apt. 363,East Susanport,Nepal
Amanda,Murray,frankgriffin@hotmail.com,251-321-6572,810 Hunt Route Suite 061,Ortizfurt,Gibraltar
Adam,Rogers,schneidererin@gmail.com,561.231.6769x38279,013 Liu Turnpike,West Karaborough,Greece
Kaitlyn,Robertson,johnnythomas@hotmail.com,+1-320-810-8209,4429 Debra Points,East Courtney,Kenya
Heather,Baker,lopezdavid@yahoo.com,348-614-5126x3599,585 White Stravenue Suite 541,Walshtown,Pakistan
Mary,Smith,martin72@hotmail.com,+1-722-228-1321x00530,228 Christopher Motorway Suite 732,Olsonchester,Gambia
Wendy,Neal,catherine50@hotmail.com,(992)834-7712,451 Daugherty Roads Apt. 669,Johnathanton,Finland
Amanda,Diaz,jknight@gmail.com,001-950-362-6281x72544,4783 Brian Shore Apt. 191,New Adamside,Papua New Guinea
Robert,English,julia69@yahoo.com,(467)904-3948x32780,10341 Samuel Island Suite 151,New Stacyhaven,Benin
Jennifer,Jackson,cperry@hotmail.com,(848)239-3090x012,6650 Angel Junction,Coxtown,Pitcairn Islands
Jason,Martinez,wiseangela@hotmail.com,991-940-2111,0923 Watson Harbors,Hallville,Turks and Caicos Islands
Amber,Hobbs,mary50@gmail.com,6515636038,73516 Christina Junction Apt. 917,Brandonmouth,Guatemala
Kyle,Hernandez,kathy18@yahoo.com,(465)568-3114,48841 Nicholson Flat,Lake Chadtown,Uganda
Christine,Bray,olyons@hotmail.com,(775)962-4761x5773,972 Mendoza Track Suite 636,Dominiqueport,Namibia
Katelyn,Thomas,equinn@yahoo.com,280-335-0325x907,142 Washington Loop,North Kaylamouth,Mauritius
Michael,Anderson,whitneyjackson@hotmail.com,(714)668-8922,5139 Rachel Squares,Philliptown,Lao People's Democratic Republic
Morgan,Martin,robert83@hotmail.com,+1-483-363-4755x747,237 Thompson Ports,North Margaret,Paraguay
Jason,Gonzales,stephenhartman@yahoo.com,643.506.1906,6061 Mcgee Mews,Rosshaven,Timor-Leste
Brian,Ward,wclayton@hotmail.com,798-695-1052x00583,415 Snow Skyway,Sharpbury,China
Larry,Gardner,rhondacoleman@hotmail.com,9082883420,92927 Robinson Brook,Port Jessica,Sri Lanka
Jamie,Wallace,adamgibbs@yahoo.com,498.945.5625,374 Jessica Place,North Kaitlyn,Madagascar
John,Ford,carlcameron@yahoo.com,+1-271-211-5718x89678,8838 Christopher Well,Colleenview,Japan
Brooke,Yu,brian07@yahoo.com,775.743.0247,856 Griffin Point,East Mark,Chad
Heather,Morales,kimberlyallen@gmail.com,001-342-388-4678,7389 King Shores Apt. 861,New Charles,Micronesia
Jordan,Larson,amberfrench@gmail.com,(509)763-5648,70428 Laurie Mount,Zimmermanside,Libyan Arab Jamahiriya
Allison,Lynch,derrickbaxter@yahoo.com,2195238367,76632 Ferguson Valley,Garymouth,Brazil
Joseph,Stewart,torresmegan@hotmail.com,001-739-308-7030x679,70958 Wendy Glen,New Brenda,India
Vincent,Perez,davisvincent@yahoo.com,001-254-773-5529x979,178 Barry Junction,South Ryanhaven,Gabon
Sheila,Burton,schmittjonathan@hotmail.com,+1-427-456-8027x5311,423 Bruce Turnpike,Jonesport,Slovenia
Jeremy,Bishop,rparker@yahoo.com,001-271-219-7343x9268,3402 Ryan Mountains Apt. 171,Lake Cynthiafurt,Paraguay
Tyler,Anderson,brookechavez@gmail.com,+1-669-397-1854x37199,372 Amy Cape,Wrightfort,Afghanistan
Samuel,Schwartz,tiffanycarrillo@hotmail.com,(525)500-5166x41059,9511 White Shoal Suite 124,East Joshua,Eritrea
Hayley,Davila,nicholaswhite@yahoo.com,891-727-1739,357 Manning Station Apt. 368,Snowmouth,Samoa
Samantha,Hill,hallcrystal@yahoo.com,(845)848-3611x48287,60994 Gomez Wall,South Aaronmouth,Austria
Nicholas,Mitchell,richard21@yahoo.com,(526)670-1095x406,0460 Thornton Vista Suite 747,Robertton,Ethiopia
James,Barber,hicksdanny@gmail.com,666.955.9826,485 Courtney Crest Suite 825,Wallaceville,Mauritania
Daniel,Juarez,nicholas02@gmail.com,(800)776-5855x66443,18845 Davis Hills Apt. 744,Scottfurt,Tonga
David,Evans,kenneth67@gmail.com,+1-687-891-1001x101,57690 Stephanie Ramp,Port Annaberg,Guinea-Bissau
Adam,Johnston,elizabeth24@hotmail.com,(524)837-7044x12354,056 Weber Brooks,New Christopher,Kuwait
Jennifer,Travis,kimberlywilson@yahoo.com,001-518-814-4324x933,32988 Karen Flat Suite 014,Zacharyborough,Israel
Jesus,Bishop,michaelevans@hotmail.com,001-810-528-8726x1096,122 Soto Flats,Julieport,Serbia
Benjamin,Wyatt,gallegosstacy@gmail.com,7698353900,6021 Bernard Squares,New Michaelland,El Salvador
Nicholas,Sanchez,hammondjacob@hotmail.com,001-327-656-9487,3528 Rodriguez Tunnel Suite 165,Webbstad,Poland
James,Fisher,wnunez@hotmail.com,(751)967-5280x293,543 Ross Burg,Port Christine,North Macedonia
Allison,Hart,jason07@yahoo.com,281.330.0165x792,7315 Francis Mission,Lake Brendanshire,Tanzania
Penny,Shaw,ashleydoyle@hotmail.com,364.885.6516,3037 Ray Summit,Fordport,Lesotho
Terri,Harris,ojames@yahoo.com,001-796-994-6085,5053 Samantha Glens,Millerview,Tuvalu
Jennifer,Macias,matthewstone@yahoo.com,928-568-6135x326,4271 Allen Locks,North Charlesmouth,Iran
Randall,Myers,uwilliams@gmail.com,001-692-773-0740,246 Parks Village,Port Rodneyshire,Gambia
Sean,Miller,francomicheal@hotmail.com,(555)885-9456,75901 Samuel Mount Suite 923,Jacquelinemouth,Tonga
Traci,Jenkins,robertsbrendan@hotmail.com,540-573-3968x97842,524 Melissa Walk,East Jamesport,Paraguay
Jamie,Shepard,owilliams@gmail.com,(559)978-7711x139,9383 Nolan Crest,East Kristenview,Croatia
Randy,Johnson,oroy@yahoo.com,4304858617,5848 Gary Mills Suite 721,Mayoport,Armenia
Angel,Strong,haynesmichael@hotmail.com,349-998-0367x3100,679 Dan Cliff Suite 224,Lake Cassandraborough,Guinea
April,Alexander,gonzalezdoris@yahoo.com,+1-777-680-6710x1699,129 Derrick Streets,Patelside,Chile
Victoria,Brown,victoria14@gmail.com,+1-851-283-8468x98161,362 Robbins Brook Suite 847,South Janice,Liechtenstein
Joseph,Arnold,edwardsmichael@yahoo.com,589.892.8205,8036 Bishop Forge Suite 152,Joefort,Spain
Molly,Perry,daniel56@gmail.com,+1-629-393-4188x2965,92744 Richard Burgs Apt. 270,East Sara,Gibraltar
Sandra,Lutz,ecunningham@yahoo.com,(754)831-4250x61696,24051 Brown Fork,Willisburgh,Cayman Islands
Deborah,Mitchell,danny82@yahoo.com,(479)880-7805,9110 Melissa Port Suite 617,Moodybury,Turkmenistan
Hunter,Foster,calderoncody@hotmail.com,001-211-529-2919x53742,1599 Roth Ports Suite 059,Gardnerton,Gambia
Robert,Baxter,nelsonwendy@yahoo.com,298-225-4512x47710,7185 Brian Extensions,Lewisport,Nigeria
Travis,Perry,pricesarah@hotmail.com,(853)345-1032x57501,13552 Amy Fords Suite 953,Jamesbury,Gibraltar
Michael,Nguyen,owiggins@yahoo.com,(438)418-1796,89414 Baker Island,Lake Carl,United States of America
Jeremy,Rodgers,jose96@gmail.com,001-307-412-0398x2617,39625 Valenzuela Haven Apt. 149,East Marvin,Iraq
Kristina,Stevens,terrycaldwell@gmail.com,+1-289-244-5660,374 Kimberly Flat,North Christophertown,Aruba
Karl,Gonzales,leeeileen@yahoo.com,(552)889-5164x2196,150 Morton Lake Suite 217,Simonhaven,Gambia
Dylan,Oconnor,ckim@hotmail.com,946.476.5089x2994,6701 Julie Hollow,Lake Brian,Namibia
Sandra,Roberts,wellsbradley@gmail.com,+1-405-567-0360,327 Murphy Well Suite 910,Angelamouth,Montserrat
Jon,Aguilar,petersonteresa@yahoo.com,+1-826-315-7245x3413,243 Johnson Plain,New Tyroneland,Turks and Caicos Islands
Eric,Cohen,jordanmeyers@gmail.com,(312)501-0841,175 Ramirez Turnpike,Port Jeremiah,United Kingdom
Keith,Meza,joshua31@yahoo.com,9677544224,11934 Julie Island,Annashire,Hong Kong
Victor,Mayo,josephrobinson@yahoo.com,+1-452-217-8512x8442,44122 Smith Forest Apt. 777,Mindyberg,Togo
Karla,May,donaldgonzalez@yahoo.com,(635)465-1050,265 Debra Curve,Fryshire,Slovakia (Slovak Republic)
Gwendolyn,Ferrell,wsteele@hotmail.com,8698102880,787 Dominic Fields,Davishaven,Dominican Republic
Jonathan,Thomas,tiffany18@yahoo.com,001-450-935-2746x0559,9062 Sonya Mountains Apt. 699,New Jasonchester,Niger
Sheri,Turner,hannah58@yahoo.com,001-292-872-7466x019,889 Walker Court,West Jonathanstad,Slovakia (Slovak Republic)
Carlos,Sullivan,dalton08@yahoo.com,+1-833-944-0846x5495,2396 Long Valleys,Martinezburgh,Papua New Guinea
Lisa,Young,smithamber@hotmail.com,(852)527-0503x141,4698 Sarah Overpass Suite 441,Pettyland,Norway
Paul,Griffith,baileystephanie@yahoo.com,(968)243-3722x03444,41862 Michael Stream Suite 322,West Andreashire,Cyprus
John,Marks,manuelduncan@yahoo.com,841.699.5390,115 Manuel Stream,Jeffshire,Guinea
Michael,Gallegos,wshort@hotmail.com,7729487748,780 Carr Manors,New Bethhaven,Thailand
Mary,Turner,mariobernard@gmail.com,+1-484-339-8973x468,6422 Leslie Field,Charleneside,Germany
William,Estrada,larsonmichelle@yahoo.com,975-337-4482x2658,38185 Brenda Mountains Suite 717,Mccoymouth,Hungary
Lisa,Patterson,uperez@hotmail.com,(469)362-5686x016,896 Sheila Spur Suite 661,Lake Eric,Syrian Arab Republic
David,Richard,nsmith@hotmail.com,891.709.9882x1577,63215 Howe Causeway,Lake Saraport,Myanmar
Shaun,Sanchez,rstevens@hotmail.com,2655932115,343 Alison Crest Suite 135,Allisonshire,Syrian Arab Republic
Tanner,Murphy,trujillotara@yahoo.com,969-550-2532x861,77093 Ward Curve,Newtonport,Guam
Brian,Roberts,kaitlyn88@hotmail.com,001-763-247-6029,26955 Jacqueline Island,East William,Italy
